{"blocks":[{"x":850,"y":590,"text":"res = 0","width":100,"height":40,"type":"Блок","isMenuBlock":false,"fontSize":14,"textHeight":14,"isBold":false,"isItalic":false,"textAlign":"center","labelsPosition":1},{"x":850,"y":680,"text":"rank = 1","width":100,"height":40,"type":"Блок","isMenuBlock":false,"fontSize":14,"textHeight":14,"isBold":false,"isItalic":false,"textAlign":"center","labelsPosition":1},{"x":850,"y":510,"text":"начало","width":100,"height":30,"type":"Начало / конец","isMenuBlock":false,"fontSize":14,"textHeight":14,"isBold":false,"isItalic":false,"textAlign":"center","labelsPosition":1},{"x":850,"y":860,"text":"modulo = num % base","width":180,"height":40,"type":"Блок","isMenuBlock":false,"fontSize":14,"textHeight":14,"isBold":false,"isItalic":false,"textAlign":"center","labelsPosition":1},{"x":850,"y":770,"text":"num > 0","width":100,"height":40,"type":"Цикл for","isMenuBlock":false,"fontSize":14,"textHeight":14,"isBold":false,"isItalic":false,"textAlign":"center","labelsPosition":1},{"x":850,"y":950,"text":"num //= base","width":100,"height":40,"type":"Блок","isMenuBlock":false,"fontSize":14,"textHeight":14,"isBold":false,"isItalic":false,"textAlign":"center","labelsPosition":1},{"x":850,"y":1040,"text":"res += modulo * rank","width":160,"height":40,"type":"Блок","isMenuBlock":false,"fontSize":14,"textHeight":14,"isBold":false,"isItalic":false,"textAlign":"center","labelsPosition":1},{"x":850,"y":1130,"text":"rank *= 10","width":100,"height":40,"type":"Блок","isMenuBlock":false,"fontSize":14,"textHeight":14,"isBold":false,"isItalic":false,"textAlign":"center","labelsPosition":1},{"x":850,"y":1280,"text":"return res","width":100,"height":40,"type":"Блок","isMenuBlock":false,"fontSize":14,"textHeight":14,"isBold":false,"isItalic":false,"textAlign":"center","labelsPosition":1},{"x":850,"y":1370,"text":"конец","width":100,"height":30,"type":"Начало / конец","isMenuBlock":false,"fontSize":14,"textHeight":14,"isBold":false,"isItalic":false,"textAlign":"center","labelsPosition":1},{"x":690,"y":510,"text":"ПБ1","width":40,"height":20,"type":"Текст / комментарий","isMenuBlock":false,"fontSize":14,"textHeight":14,"isBold":false,"isItalic":false,"textAlign":"left","labelsPosition":1}],"arrows":[{"startIndex":2,"endIndex":0,"startConnectorIndex":2,"endConnectorIndex":0,"nodes":[{"x":850,"y":525},{"x":850,"y":550},{"x":850,"y":570}],"counts":[1,1,1]},{"startIndex":0,"endIndex":1,"startConnectorIndex":2,"endConnectorIndex":0,"nodes":[{"x":850,"y":610},{"x":850,"y":640},{"x":850,"y":660}],"counts":[1,1,1]},{"startIndex":1,"endIndex":4,"startConnectorIndex":2,"endConnectorIndex":0,"nodes":[{"x":850,"y":700},{"x":850,"y":730},{"x":850,"y":750}],"counts":[1,1,1]},{"startIndex":4,"endIndex":3,"startConnectorIndex":2,"endConnectorIndex":0,"nodes":[{"x":850,"y":790},{"x":850,"y":820},{"x":850,"y":840}],"counts":[1,1,1]},{"startIndex":3,"endIndex":5,"startConnectorIndex":2,"endConnectorIndex":0,"nodes":[{"x":850,"y":880},{"x":850,"y":910},{"x":850,"y":930}],"counts":[1,1,1]},{"startIndex":5,"endIndex":6,"startConnectorIndex":2,"endConnectorIndex":0,"nodes":[{"x":850,"y":970},{"x":850,"y":1000},{"x":850,"y":1020}],"counts":[1,1,1]},{"startIndex":6,"endIndex":7,"startConnectorIndex":2,"endConnectorIndex":0,"nodes":[{"x":850,"y":1060},{"x":850,"y":1090},{"x":850,"y":1110}],"counts":[1,1,1]},{"startIndex":7,"endIndex":4,"startConnectorIndex":2,"endConnectorIndex":3,"nodes":[{"x":850,"y":1150},{"x":850,"y":1190},{"x":670,"y":1190},{"x":670,"y":770},{"x":780,"y":770},{"x":800,"y":770}],"counts":[1,1,1,1,1,1]},{"startIndex":4,"endIndex":8,"startConnectorIndex":1,"endConnectorIndex":0,"nodes":[{"x":900,"y":770},{"x":1010,"y":770},{"x":1010,"y":1240},{"x":850,"y":1240},{"x":850,"y":1260}],"counts":[1,1,1,1,1]},{"startIndex":8,"endIndex":9,"startConnectorIndex":2,"endConnectorIndex":0,"nodes":[{"x":850,"y":1300},{"x":850,"y":1340},{"x":850,"y":1355}],"counts":[1,1,1]}],"x0":-133.33333333333337,"y0":-466.66666666666674}