{"blocks":[{"x":740,"y":30,"text":"начало","width":100,"height":30,"type":"Начало / конец","isMenuBlock":false,"fontSize":14,"textHeight":14,"isBold":false,"isItalic":false,"textAlign":"center","labelsPosition":1},{"x":740,"y":100,"text":"a","width":120,"height":40,"type":"Ввод / вывод","isMenuBlock":false,"fontSize":14,"textHeight":14,"isBold":false,"isItalic":false,"textAlign":"center","labelsPosition":1},{"x":740,"y":180,"text":"b","width":120,"height":40,"type":"Ввод / вывод","isMenuBlock":false,"fontSize":14,"textHeight":14,"isBold":false,"isItalic":false,"textAlign":"center","labelsPosition":1},{"x":740,"y":260,"text":"h","width":120,"height":40,"type":"Ввод / вывод","isMenuBlock":false,"fontSize":14,"textHeight":14,"isBold":false,"isItalic":false,"textAlign":"center","labelsPosition":1},{"x":740,"y":340,"text":"P = a * 3","width":100,"height":40,"type":"Блок","isMenuBlock":false,"fontSize":14,"textHeight":14,"isBold":false,"isItalic":false,"textAlign":"center","labelsPosition":1},{"x":740,"y":420,"text":"p = b * 3","width":100,"height":40,"type":"Блок","isMenuBlock":false,"fontSize":14,"textHeight":14,"isBold":false,"isItalic":false,"textAlign":"center","labelsPosition":1},{"x":740,"y":500,"text":"d = math.sqrt((a - b) ** 2 + h ** 2)","width":220,"height":40,"type":"Блок","isMenuBlock":false,"fontSize":14,"textHeight":14,"isBold":false,"isItalic":false,"textAlign":"center","labelsPosition":1},{"x":1250,"y":100,"text":"S1 = (a ** 2 * math.sqrt(3)) / 4","width":200,"height":40,"type":"Блок","isMenuBlock":false,"fontSize":14,"textHeight":14,"isBold":false,"isItalic":false,"textAlign":"center","labelsPosition":1},{"x":1250,"y":180,"text":"S2 = (b ** 2 * math.sqrt(3)) / 4","width":200,"height":40,"type":"Блок","isMenuBlock":false,"fontSize":14,"textHeight":14,"isBold":false,"isItalic":false,"textAlign":"center","labelsPosition":1},{"x":1250,"y":260,"text":"S = (P + p) / 2 * d","width":120,"height":40,"type":"Блок","isMenuBlock":false,"fontSize":14,"textHeight":14,"isBold":false,"isItalic":false,"textAlign":"center","labelsPosition":1},{"x":1250,"y":340,"text":"V = (1 / 3) * h * (S1 + S2 + math.sqrt(S1 * S2))","width":320,"height":40,"type":"Блок","isMenuBlock":false,"fontSize":14,"textHeight":14,"isBold":false,"isItalic":false,"textAlign":"center","labelsPosition":1},{"x":1250,"y":420,"text":"\"Площадь боковой стороны усеченной пирамиды: {:.3f}\".format(S)","width":460,"height":40,"type":"Ввод / вывод","isMenuBlock":false,"fontSize":14,"textHeight":14,"isBold":false,"isItalic":false,"textAlign":"center","labelsPosition":1},{"x":1250,"y":500,"text":"\"Объем усеченной пирамиды: {:.3f}\".format(V)","width":320,"height":40,"type":"Ввод / вывод","isMenuBlock":false,"fontSize":14,"textHeight":14,"isBold":false,"isItalic":false,"textAlign":"center","labelsPosition":1},{"x":1250,"y":580,"text":"конец","width":100,"height":30,"type":"Начало / конец","isMenuBlock":false,"fontSize":14,"textHeight":14,"isBold":false,"isItalic":false,"textAlign":"center","labelsPosition":1}],"arrows":[{"startIndex":0,"endIndex":1,"startConnectorIndex":2,"endConnectorIndex":0,"nodes":[{"x":740,"y":45},{"x":740,"y":60},{"x":740,"y":80}],"counts":[1,1,1]},{"startIndex":1,"endIndex":2,"startConnectorIndex":2,"endConnectorIndex":0,"nodes":[{"x":740,"y":120},{"x":740,"y":140},{"x":740,"y":160}],"counts":[1,1,1]},{"startIndex":2,"endIndex":3,"startConnectorIndex":2,"endConnectorIndex":0,"nodes":[{"x":740,"y":200},{"x":740,"y":220},{"x":740,"y":240}],"counts":[1,1,1]},{"startIndex":3,"endIndex":4,"startConnectorIndex":2,"endConnectorIndex":0,"nodes":[{"x":740,"y":280},{"x":740,"y":300},{"x":740,"y":320}],"counts":[1,1,1]},{"startIndex":4,"endIndex":5,"startConnectorIndex":2,"endConnectorIndex":0,"nodes":[{"x":740,"y":360},{"x":740,"y":380},{"x":740,"y":400}],"counts":[1,1,1]},{"startIndex":5,"endIndex":6,"startConnectorIndex":2,"endConnectorIndex":0,"nodes":[{"x":740,"y":440},{"x":740,"y":460},{"x":740,"y":480}],"counts":[1,1,1]},{"startIndex":7,"endIndex":8,"startConnectorIndex":2,"endConnectorIndex":0,"nodes":[{"x":1250,"y":120},{"x":1250,"y":140},{"x":1250,"y":160}],"counts":[1,1,1]},{"startIndex":8,"endIndex":9,"startConnectorIndex":2,"endConnectorIndex":0,"nodes":[{"x":1250,"y":200},{"x":1250,"y":220},{"x":1250,"y":240}],"counts":[1,1,1]},{"startIndex":9,"endIndex":10,"startConnectorIndex":2,"endConnectorIndex":0,"nodes":[{"x":1250,"y":280},{"x":1250,"y":300},{"x":1250,"y":320}],"counts":[1,1,1]},{"startIndex":6,"endIndex":7,"startConnectorIndex":2,"endConnectorIndex":0,"nodes":[{"x":740,"y":520},{"x":740,"y":560},{"x":960,"y":560},{"x":960,"y":40},{"x":1250,"y":40},{"x":1250,"y":60},{"x":1250,"y":80}],"counts":[1,1,1,1,1,1,1]},{"startIndex":10,"endIndex":11,"startConnectorIndex":2,"endConnectorIndex":0,"nodes":[{"x":1250,"y":360},{"x":1250,"y":380},{"x":1250,"y":400}],"counts":[1,1,1]},{"startIndex":11,"endIndex":12,"startConnectorIndex":2,"endConnectorIndex":0,"nodes":[{"x":1250,"y":440},{"x":1250,"y":460},{"x":1250,"y":480}],"counts":[1,1,1]},{"startIndex":12,"endIndex":13,"startConnectorIndex":2,"endConnectorIndex":0,"nodes":[{"x":1250,"y":520},{"x":1250,"y":550},{"x":1250,"y":565}],"counts":[1,1,1]}],"x0":70.75,"y0":6.125}