{"blocks":[{"x":860,"y":410,"text":"начало","width":100,"height":30,"type":"Начало / конец","isMenuBlock":false,"fontSize":14,"textHeight":14,"isBold":false,"isItalic":false,"textAlign":"center","labelsPosition":1},{"x":860,"y":490,"text":"n","width":120,"height":40,"type":"Ввод / вывод","isMenuBlock":false,"fontSize":14,"textHeight":14,"isBold":false,"isItalic":false,"textAlign":"center","labelsPosition":1},{"x":860,"y":580,"text":"m","width":120,"height":40,"type":"Ввод / вывод","isMenuBlock":false,"fontSize":14,"textHeight":14,"isBold":false,"isItalic":false,"textAlign":"center","labelsPosition":1},{"x":860,"y":670,"text":"number","width":120,"height":40,"type":"Ввод / вывод","isMenuBlock":false,"fontSize":14,"textHeight":14,"isBold":false,"isItalic":false,"textAlign":"center","labelsPosition":1},{"x":860,"y":760,"text":"number_m = convert(int(str(number), n), m)","width":300,"height":40,"type":"Блок","isMenuBlock":false,"fontSize":14,"textHeight":14,"isBold":false,"isItalic":false,"textAlign":"center","labelsPosition":1},{"x":1180,"y":760,"text":"ПБ1","width":100,"height":40,"type":"Подпрограмма","isMenuBlock":false,"fontSize":14,"textHeight":14,"isBold":false,"isItalic":false,"textAlign":"center","labelsPosition":1},{"x":860,"y":850,"text":"\"{} base {} -> {} base {}\".format(number, n, number_m, m)","width":380,"height":40,"type":"Ввод / вывод","isMenuBlock":false,"fontSize":14,"textHeight":14,"isBold":false,"isItalic":false,"textAlign":"center","labelsPosition":1},{"x":860,"y":940,"text":"конец","width":100,"height":30,"type":"Начало / конец","isMenuBlock":false,"fontSize":14,"textHeight":14,"isBold":false,"isItalic":false,"textAlign":"center","labelsPosition":1}],"arrows":[{"startIndex":0,"endIndex":1,"startConnectorIndex":2,"endConnectorIndex":0,"nodes":[{"x":860,"y":425},{"x":860,"y":450},{"x":860,"y":470}],"counts":[1,1,1]},{"startIndex":1,"endIndex":2,"startConnectorIndex":2,"endConnectorIndex":0,"nodes":[{"x":860,"y":510},{"x":860,"y":540},{"x":860,"y":560}],"counts":[1,1,1]},{"startIndex":2,"endIndex":3,"startConnectorIndex":2,"endConnectorIndex":0,"nodes":[{"x":860,"y":600},{"x":860,"y":630},{"x":860,"y":650}],"counts":[1,1,1]},{"startIndex":3,"endIndex":4,"startConnectorIndex":2,"endConnectorIndex":0,"nodes":[{"x":860,"y":690},{"x":860,"y":720},{"x":860,"y":740}],"counts":[1,1,1]},{"startIndex":4,"endIndex":5,"startConnectorIndex":1,"endConnectorIndex":3,"nodes":[{"x":1010,"y":760},{"x":1110,"y":760},{"x":1130,"y":760}],"counts":[1,1,1]},{"startIndex":4,"endIndex":6,"startConnectorIndex":2,"endConnectorIndex":0,"nodes":[{"x":860,"y":780},{"x":860,"y":810},{"x":860,"y":830}],"counts":[1,1,1]},{"startIndex":6,"endIndex":7,"startConnectorIndex":2,"endConnectorIndex":0,"nodes":[{"x":860,"y":870},{"x":860,"y":910},{"x":860,"y":925}],"counts":[1,1,1]}],"x0":-133.33333333333337,"y0":-466.66666666666674}