{"blocks":[{"x":830,"y":-30,"text":"начало","width":100,"height":30,"type":"Начало / конец","isMenuBlock":false,"fontSize":14,"textHeight":14,"isBold":false,"isItalic":false,"textAlign":"center","labelsPosition":1},{"x":830,"y":50,"text":"a","width":120,"height":40,"type":"Ввод / вывод","isMenuBlock":false,"fontSize":14,"textHeight":14,"isBold":false,"isItalic":false,"textAlign":"center","labelsPosition":1},{"x":830,"y":140,"text":"b","width":120,"height":40,"type":"Ввод / вывод","isMenuBlock":false,"fontSize":14,"textHeight":14,"isBold":false,"isItalic":false,"textAlign":"center","labelsPosition":1},{"x":830,"y":230,"text":"c","width":120,"height":40,"type":"Ввод / вывод","isMenuBlock":false,"fontSize":14,"textHeight":14,"isBold":false,"isItalic":false,"textAlign":"center","labelsPosition":1},{"x":830,"y":320,"text":"a > 0","width":100,"height":40,"type":"Условие","isMenuBlock":false,"fontSize":14,"textHeight":14,"isBold":false,"isItalic":false,"textAlign":"center","labelsPosition":1},{"x":990,"y":390,"text":"m = \"минимума\"","width":140,"height":40,"type":"Блок","isMenuBlock":false,"fontSize":14,"textHeight":14,"isBold":false,"isItalic":false,"textAlign":"center","labelsPosition":1},{"x":670,"y":390,"text":"m = \"максимума\"","width":140,"height":40,"type":"Блок","isMenuBlock":false,"fontSize":14,"textHeight":14,"isBold":false,"isItalic":false,"textAlign":"center","labelsPosition":1},{"x":830,"y":510,"text":"x0 = -b / (2 * a)","width":120,"height":40,"type":"Блок","isMenuBlock":false,"fontSize":14,"textHeight":14,"isBold":false,"isItalic":false,"textAlign":"center","labelsPosition":1},{"x":830,"y":600,"text":"y0 = a * x0 ** 2 + b * x0 + c","width":180,"height":40,"type":"Блок","isMenuBlock":false,"fontSize":14,"textHeight":14,"isBold":false,"isItalic":false,"textAlign":"center","labelsPosition":1},{"x":830,"y":690,"text":"\"Точка {} функции имеет координаты:\\nx = {:.3f}\\ty = {:.3f}\".format(m, x0, y0)","width":520,"height":40,"type":"Ввод / вывод","isMenuBlock":false,"fontSize":14,"textHeight":14,"isBold":false,"isItalic":false,"textAlign":"center","labelsPosition":1},{"x":830,"y":770,"text":"конец","width":100,"height":30,"type":"Начало / конец","isMenuBlock":false,"fontSize":14,"textHeight":14,"isBold":false,"isItalic":false,"textAlign":"center","labelsPosition":1}],"arrows":[{"startIndex":0,"endIndex":1,"startConnectorIndex":2,"endConnectorIndex":0,"nodes":[{"x":830,"y":-15},{"x":830,"y":10},{"x":830,"y":30}],"counts":[1,1,1]},{"startIndex":1,"endIndex":2,"startConnectorIndex":2,"endConnectorIndex":0,"nodes":[{"x":830,"y":70},{"x":830,"y":100},{"x":830,"y":120}],"counts":[1,1,1]},{"startIndex":2,"endIndex":3,"startConnectorIndex":2,"endConnectorIndex":0,"nodes":[{"x":830,"y":160},{"x":830,"y":190},{"x":830,"y":210}],"counts":[1,1,1]},{"startIndex":4,"endIndex":6,"startConnectorIndex":3,"endConnectorIndex":0,"nodes":[{"x":780,"y":320},{"x":670,"y":320},{"x":670,"y":350},{"x":670,"y":370}],"counts":[1,1,1,1]},{"startIndex":4,"endIndex":5,"startConnectorIndex":1,"endConnectorIndex":0,"nodes":[{"x":880,"y":320},{"x":990,"y":320},{"x":990,"y":350},{"x":990,"y":370}],"counts":[1,1,1,1]},{"startIndex":3,"endIndex":4,"startConnectorIndex":2,"endConnectorIndex":0,"nodes":[{"x":830,"y":250},{"x":830,"y":280},{"x":830,"y":300}],"counts":[1,1,1]},{"startIndex":6,"endIndex":7,"startConnectorIndex":2,"endConnectorIndex":0,"nodes":[{"x":670,"y":410},{"x":670,"y":470},{"x":830,"y":470},{"x":830,"y":490}],"counts":[1,1,1,1]},{"startIndex":5,"endIndex":7,"startConnectorIndex":2,"endConnectorIndex":0,"nodes":[{"x":990,"y":410},{"x":990,"y":470},{"x":830,"y":470},{"x":830,"y":490}],"counts":[1,1,1,1]},{"startIndex":7,"endIndex":8,"startConnectorIndex":2,"endConnectorIndex":0,"nodes":[{"x":830,"y":530},{"x":830,"y":560},{"x":830,"y":580}],"counts":[1,1,1]},{"startIndex":8,"endIndex":9,"startConnectorIndex":2,"endConnectorIndex":0,"nodes":[{"x":830,"y":620},{"x":830,"y":650},{"x":830,"y":670}],"counts":[1,1,1]},{"startIndex":9,"endIndex":10,"startConnectorIndex":2,"endConnectorIndex":0,"nodes":[{"x":830,"y":710},{"x":830,"y":740},{"x":830,"y":755}],"counts":[1,1,1]}],"x0":70.75,"y0":-93.875}