{"blocks":[{"x":640,"y":20,"text":"начало","width":100,"height":30,"type":"Начало / конец","isMenuBlock":false,"fontSize":14,"textHeight":14,"isBold":false,"isItalic":false,"textAlign":"center","labelsPosition":1},{"x":640,"y":90,"text":"deposit_of_rub","width":120,"height":40,"type":"Ввод / вывод","isMenuBlock":false,"fontSize":14,"textHeight":14,"isBold":false,"isItalic":false,"textAlign":"center","labelsPosition":1},{"x":640,"y":170,"text":"percent","width":120,"height":40,"type":"Ввод / вывод","isMenuBlock":false,"fontSize":14,"textHeight":14,"isBold":false,"isItalic":false,"textAlign":"center","labelsPosition":1},{"x":640,"y":250,"text":"shelf_life","width":120,"height":40,"type":"Ввод / вывод","isMenuBlock":false,"fontSize":14,"textHeight":14,"isBold":false,"isItalic":false,"textAlign":"center","labelsPosition":1},{"x":640,"y":330,"text":"yuan_exchange_rate_begin = 12.62","width":260,"height":40,"type":"Блок","isMenuBlock":false,"fontSize":14,"textHeight":14,"isBold":false,"isItalic":false,"textAlign":"center","labelsPosition":1},{"x":640,"y":410,"text":"yuan_exchange_rate_end = random.random() * 10","width":340,"height":40,"type":"Блок","isMenuBlock":false,"fontSize":14,"textHeight":14,"isBold":false,"isItalic":false,"textAlign":"center","labelsPosition":1},{"x":640,"y":500,"text":"deposit_of_cny = deposit_of_rub / yuan_exchange_rate_begin","width":400,"height":40,"type":"Блок","isMenuBlock":false,"fontSize":14,"textHeight":14,"isBold":false,"isItalic":false,"textAlign":"center","labelsPosition":1},{"x":1280,"y":90,"text":"\"Сумма вклада на начало срока в юанях: {:.3f}\\n\".format(deposit_of_cny)","width":480,"height":40,"type":"Ввод / вывод","isMenuBlock":false,"fontSize":14,"textHeight":14,"isBold":false,"isItalic":false,"textAlign":"center","labelsPosition":1},{"x":1280,"y":170,"text":"deposit = deposit_of_cny * (1 + percent) ** shelf_life","width":360,"height":40,"type":"Блок","isMenuBlock":false,"fontSize":14,"textHeight":14,"isBold":false,"isItalic":false,"textAlign":"center","labelsPosition":1},{"x":1280,"y":250,"text":"deposit_of_rub += deposit_of_cny * yuan_exchange_rate_end","width":400,"height":40,"type":"Блок","isMenuBlock":false,"fontSize":14,"textHeight":14,"isBold":false,"isItalic":false,"textAlign":"center","labelsPosition":1},{"x":1280,"y":330,"text":"\"Сумма вклада к концу срока в юанях: {:.3f}\".format(deposit)","width":420,"height":40,"type":"Ввод / вывод","isMenuBlock":false,"fontSize":14,"textHeight":14,"isBold":false,"isItalic":false,"textAlign":"center","labelsPosition":1},{"x":1280,"y":410,"text":"\"Сумма вклада к концу срока в рублях: {:.3f}\".format(deposit_of_rub)","width":460,"height":40,"type":"Ввод / вывод","isMenuBlock":false,"fontSize":14,"textHeight":14,"isBold":false,"isItalic":false,"textAlign":"center","labelsPosition":1},{"x":1280,"y":500,"text":"конец","width":100,"height":30,"type":"Начало / конец","isMenuBlock":false,"fontSize":14,"textHeight":14,"isBold":false,"isItalic":false,"textAlign":"center","labelsPosition":1}],"arrows":[{"startIndex":0,"endIndex":1,"startConnectorIndex":2,"endConnectorIndex":0,"nodes":[{"x":640,"y":35},{"x":640,"y":50},{"x":640,"y":70}],"counts":[1,1,1]},{"startIndex":1,"endIndex":2,"startConnectorIndex":2,"endConnectorIndex":0,"nodes":[{"x":640,"y":110},{"x":640,"y":130},{"x":640,"y":150}],"counts":[1,1,1]},{"startIndex":2,"endIndex":3,"startConnectorIndex":2,"endConnectorIndex":0,"nodes":[{"x":640,"y":190},{"x":640,"y":210},{"x":640,"y":230}],"counts":[1,1,1]},{"startIndex":3,"endIndex":4,"startConnectorIndex":2,"endConnectorIndex":0,"nodes":[{"x":640,"y":270},{"x":640,"y":290},{"x":640,"y":310}],"counts":[1,1,1]},{"startIndex":4,"endIndex":5,"startConnectorIndex":2,"endConnectorIndex":0,"nodes":[{"x":640,"y":350},{"x":640,"y":370},{"x":640,"y":390}],"counts":[1,1,1]},{"startIndex":5,"endIndex":6,"startConnectorIndex":2,"endConnectorIndex":0,"nodes":[{"x":640,"y":430},{"x":640,"y":460},{"x":640,"y":480}],"counts":[1,1,1]},{"startIndex":7,"endIndex":8,"startConnectorIndex":2,"endConnectorIndex":0,"nodes":[{"x":1280,"y":110},{"x":1280,"y":130},{"x":1280,"y":150}],"counts":[1,1,1]},{"startIndex":8,"endIndex":9,"startConnectorIndex":2,"endConnectorIndex":0,"nodes":[{"x":1280,"y":190},{"x":1280,"y":210},{"x":1280,"y":230}],"counts":[1,1,1]},{"startIndex":9,"endIndex":10,"startConnectorIndex":2,"endConnectorIndex":0,"nodes":[{"x":1280,"y":270},{"x":1280,"y":290},{"x":1280,"y":310}],"counts":[1,1,1]},{"startIndex":10,"endIndex":11,"startConnectorIndex":2,"endConnectorIndex":0,"nodes":[{"x":1280,"y":350},{"x":1280,"y":370},{"x":1280,"y":390}],"counts":[1,1,1]},{"startIndex":11,"endIndex":12,"startConnectorIndex":2,"endConnectorIndex":0,"nodes":[{"x":1280,"y":430},{"x":1280,"y":470},{"x":1280,"y":485}],"counts":[1,1,1]},{"startIndex":6,"endIndex":7,"startConnectorIndex":2,"endConnectorIndex":0,"nodes":[{"x":640,"y":520},{"x":640,"y":570},{"x":940,"y":570},{"x":940,"y":20},{"x":1280,"y":20},{"x":1280,"y":50},{"x":1280,"y":70}],"counts":[1,1,1,1,1,1,1]}],"x0":70.75,"y0":56.125}