{"blocks":[{"x":860,"y":170,"text":"начало","width":100,"height":30,"type":"Начало / конец","isMenuBlock":false,"fontSize":14,"textHeight":14,"isBold":false,"isItalic":false,"textAlign":"center","labelsPosition":1},{"x":860,"y":250,"text":"n","width":120,"height":40,"type":"Ввод / вывод","isMenuBlock":false,"fontSize":14,"textHeight":14,"isBold":false,"isItalic":false,"textAlign":"center","labelsPosition":1},{"x":860,"y":340,"text":"res = 0","width":100,"height":40,"type":"Блок","isMenuBlock":false,"fontSize":14,"textHeight":14,"isBold":false,"isItalic":false,"textAlign":"center","labelsPosition":1},{"x":860,"y":430,"text":"i от 1 до n+1","width":100,"height":40,"type":"Цикл for","isMenuBlock":false,"fontSize":14,"textHeight":14,"isBold":false,"isItalic":false,"textAlign":"center","labelsPosition":1},{"x":860,"y":530,"text":"res += 3 ** math.log(i) / (i ** 2 - 1)","width":220,"height":40,"type":"Блок","isMenuBlock":false,"fontSize":14,"textHeight":14,"isBold":false,"isItalic":false,"textAlign":"center","labelsPosition":1},{"x":860,"y":700,"text":"\"Результат: \", res","width":140,"height":40,"type":"Ввод / вывод","isMenuBlock":false,"fontSize":14,"textHeight":14,"isBold":false,"isItalic":false,"textAlign":"center","labelsPosition":1},{"x":860,"y":790,"text":"конец","width":100,"height":30,"type":"Начало / конец","isMenuBlock":false,"fontSize":14,"textHeight":14,"isBold":false,"isItalic":false,"textAlign":"center","labelsPosition":1}],"arrows":[{"startIndex":0,"endIndex":1,"startConnectorIndex":2,"endConnectorIndex":0,"nodes":[{"x":860,"y":185},{"x":860,"y":210},{"x":860,"y":230}],"counts":[1,1,1]},{"startIndex":1,"endIndex":2,"startConnectorIndex":2,"endConnectorIndex":0,"nodes":[{"x":860,"y":270},{"x":860,"y":300},{"x":860,"y":320}],"counts":[1,1,1]},{"startIndex":2,"endIndex":3,"startConnectorIndex":2,"endConnectorIndex":0,"nodes":[{"x":860,"y":360},{"x":860,"y":390},{"x":860,"y":410}],"counts":[1,1,1]},{"startIndex":3,"endIndex":4,"startConnectorIndex":2,"endConnectorIndex":0,"nodes":[{"x":860,"y":450},{"x":860,"y":490},{"x":860,"y":510}],"counts":[1,1,1]},{"startIndex":4,"endIndex":3,"startConnectorIndex":2,"endConnectorIndex":3,"nodes":[{"x":860,"y":550},{"x":860,"y":600},{"x":690,"y":600},{"x":690,"y":430},{"x":790,"y":430},{"x":810,"y":430}],"counts":[1,1,1,1,1,1]},{"startIndex":3,"endIndex":5,"startConnectorIndex":1,"endConnectorIndex":0,"nodes":[{"x":910,"y":430},{"x":1020,"y":430},{"x":1020,"y":660},{"x":860,"y":660},{"x":860,"y":680}],"counts":[1,1,1,1,1]},{"startIndex":5,"endIndex":6,"startConnectorIndex":2,"endConnectorIndex":0,"nodes":[{"x":860,"y":720},{"x":860,"y":760},{"x":860,"y":775}],"counts":[1,1,1]}],"x0":-133.33333333333337,"y0":-366.6666666666667}